brett,"7 avalon park","san antonio",texas,78248
ryan,cohen,dallas,tx,78248
Erica,Faust,"4703 Bucknell St",Texas,78248
ryan,cohen,dallas,tx,78248
brett,"7 avalon park","san antonio",texas,78248
Erica,Faust,"4703 Bucknell St",Texas,78248
ryan,cohen,dallas,tx,78248
ryan,cohen,dallas,tx,78248
Erica,Faust,"4703 Bucknell St",Texas,78248
bretttttttttttt,"7 avalon park","san antonio",texas,78248
bretttttttttttt,"7 avalon park","san antonio",texas,78248
bretttttttttttt,"7 avalon park","san antonio",texas,78248
bretttttttttttt,"7 avalon park","san antonio",texas,78248
